synthetic_id,grade,period,skill,criterion_1,criterion_2,criterion_3,support
SYN-G2-01,2,T1,CO,1,1,1,visuals + model
SYN-G2-01,2,T2,CO,2,1,1,visuals + model
SYN-G2-01,2,T1,CE,1,3,2,visuals + model
SYN-G2-01,2,T2,CE,2,3,2,visuals + model
SYN-G2-01,2,T1,PO,2,2,1,visuals + model
SYN-G2-01,2,T2,PO,2,2,1,visuals + model
SYN-G2-01,2,T1,PE,1,2,2,visuals + model
SYN-G2-01,2,T2,PE,2,3,3,visuals + model
SYN-G2-02,2,T1,CO,1,2,2,visuals + model
SYN-G2-02,2,T2,CO,1,2,2,visuals + model
SYN-G2-02,2,T1,CE,2,2,3,visuals + model
SYN-G2-02,2,T2,CE,3,2,3,visuals + model
SYN-G2-02,2,T1,PO,1,2,2,visuals + model
SYN-G2-02,2,T2,PO,1,2,3,visuals + model
SYN-G2-02,2,T1,PE,2,1,2,visuals + model
SYN-G2-02,2,T2,PE,2,2,2,visuals + model
SYN-G2-03,2,T1,CO,2,2,1,visuals + model
SYN-G2-03,2,T2,CO,2,2,2,visuals + model
SYN-G2-03,2,T1,CE,2,2,2,visuals + model
SYN-G2-03,2,T2,CE,2,2,3,visuals + model
SYN-G2-03,2,T1,PO,2,1,1,visuals + model
SYN-G2-03,2,T2,PO,3,1,2,visuals + model
SYN-G2-03,2,T1,PE,2,3,2,visuals + model
SYN-G2-03,2,T2,PE,3,3,2,visuals + model
SYN-G2-04,2,T1,CO,3,2,1,visuals + model
SYN-G2-04,2,T2,CO,3,2,1,visuals + model
SYN-G2-04,2,T1,CE,1,2,1,visuals + model
SYN-G2-04,2,T2,CE,2,2,1,visuals + model
SYN-G2-04,2,T1,PO,2,2,2,visuals + model
SYN-G2-04,2,T2,PO,3,2,3,visuals + model
SYN-G2-04,2,T1,PE,2,2,1,visuals + model
SYN-G2-04,2,T2,PE,2,2,2,visuals + model
SYN-G2-05,2,T1,CO,3,2,2,visuals + model
SYN-G2-05,2,T2,CO,3,2,3,visuals + model
SYN-G2-05,2,T1,CE,1,1,1,visuals + model
SYN-G2-05,2,T2,CE,1,1,1,visuals + model
SYN-G2-05,2,T1,PO,3,0,2,visuals + model
SYN-G2-05,2,T2,PO,3,0,3,visuals + model
SYN-G2-05,2,T1,PE,2,1,2,visuals + model
SYN-G2-05,2,T2,PE,2,2,3,visuals + model
SYN-G2-06,2,T1,CO,2,2,1,visuals + model
SYN-G2-06,2,T2,CO,3,3,1,visuals + model
SYN-G2-06,2,T1,CE,1,2,1,visuals + model
SYN-G2-06,2,T2,CE,1,2,1,visuals + model
SYN-G2-06,2,T1,PO,1,3,1,visuals + model
SYN-G2-06,2,T2,PO,2,3,1,visuals + model
SYN-G2-06,2,T1,PE,2,1,1,visuals + model
SYN-G2-06,2,T2,PE,2,1,1,visuals + model
SYN-G2-07,2,T1,CO,2,2,2,visuals + model
SYN-G2-07,2,T2,CO,2,2,2,visuals + model
SYN-G2-07,2,T1,CE,1,2,2,visuals + model
SYN-G2-07,2,T2,CE,1,2,2,visuals + model
SYN-G2-07,2,T1,PO,1,2,2,visuals + model
SYN-G2-07,2,T2,PO,1,2,2,visuals + model
SYN-G2-07,2,T1,PE,0,3,1,visuals + model
SYN-G2-07,2,T2,PE,1,3,1,visuals + model
SYN-G2-08,2,T1,CO,2,2,3,visuals + model
SYN-G2-08,2,T2,CO,2,2,3,visuals + model
SYN-G2-08,2,T1,CE,1,1,2,visuals + model
SYN-G2-08,2,T2,CE,1,1,2,visuals + model
SYN-G2-08,2,T1,PO,1,1,2,visuals + model
SYN-G2-08,2,T2,PO,1,1,3,visuals + model
SYN-G2-08,2,T1,PE,2,1,3,visuals + model
SYN-G2-08,2,T2,PE,2,1,3,visuals + model
SYN-G3-01,3,T1,CO,2,1,2,visual prompt
SYN-G3-01,3,T2,CO,3,2,2,visual prompt
SYN-G3-01,3,T1,CE,1,2,1,visual prompt
SYN-G3-01,3,T2,CE,1,3,1,visual prompt
SYN-G3-01,3,T1,PO,1,2,2,visual prompt
SYN-G3-01,3,T2,PO,1,2,2,visual prompt
SYN-G3-01,3,T1,PE,2,2,2,visual prompt
SYN-G3-01,3,T2,PE,3,2,2,visual prompt
SYN-G3-02,3,T1,CO,2,3,3,visual prompt
SYN-G3-02,3,T2,CO,2,3,3,visual prompt
SYN-G3-02,3,T1,CE,1,2,2,visual prompt
SYN-G3-02,3,T2,CE,1,2,2,visual prompt
SYN-G3-02,3,T1,PO,2,2,1,visual prompt
SYN-G3-02,3,T2,PO,2,3,1,visual prompt
SYN-G3-02,3,T1,PE,2,2,3,visual prompt
SYN-G3-02,3,T2,PE,2,3,3,visual prompt
SYN-G3-03,3,T1,CO,1,2,2,visual prompt
SYN-G3-03,3,T2,CO,1,2,3,visual prompt
SYN-G3-03,3,T1,CE,1,2,1,visual prompt
SYN-G3-03,3,T2,CE,1,2,2,visual prompt
SYN-G3-03,3,T1,PO,1,2,2,visual prompt
SYN-G3-03,3,T2,PO,2,2,3,visual prompt
SYN-G3-03,3,T1,PE,2,2,1,visual prompt
SYN-G3-03,3,T2,PE,2,2,1,visual prompt
SYN-G3-04,3,T1,CO,2,1,3,visual prompt
SYN-G3-04,3,T2,CO,2,1,3,visual prompt
SYN-G3-04,3,T1,CE,2,1,3,visual prompt
SYN-G3-04,3,T2,CE,2,1,3,visual prompt
SYN-G3-04,3,T1,PO,3,1,1,visual prompt
SYN-G3-04,3,T2,PO,3,1,1,visual prompt
SYN-G3-04,3,T1,PE,1,2,3,visual prompt
SYN-G3-04,3,T2,PE,1,2,3,visual prompt
SYN-G3-05,3,T1,CO,1,2,3,visual prompt
SYN-G3-05,3,T2,CO,1,2,3,visual prompt
SYN-G3-05,3,T1,CE,3,3,2,visual prompt
SYN-G3-05,3,T2,CE,3,3,2,visual prompt
SYN-G3-05,3,T1,PO,2,1,1,visual prompt
SYN-G3-05,3,T2,PO,2,1,1,visual prompt
SYN-G3-05,3,T1,PE,2,2,1,visual prompt
SYN-G3-05,3,T2,PE,2,2,1,visual prompt
SYN-G3-06,3,T1,CO,2,2,1,visual prompt
SYN-G3-06,3,T2,CO,2,3,1,visual prompt
SYN-G3-06,3,T1,CE,3,2,2,visual prompt
SYN-G3-06,3,T2,CE,3,2,2,visual prompt
SYN-G3-06,3,T1,PO,2,1,2,visual prompt
SYN-G3-06,3,T2,PO,2,2,2,visual prompt
SYN-G3-06,3,T1,PE,3,1,1,visual prompt
SYN-G3-06,3,T2,PE,3,1,2,visual prompt
SYN-G3-07,3,T1,CO,1,2,2,visual prompt
SYN-G3-07,3,T2,CO,1,3,3,visual prompt
SYN-G3-07,3,T1,CE,1,2,2,visual prompt
SYN-G3-07,3,T2,CE,1,3,3,visual prompt
SYN-G3-07,3,T1,PO,2,2,1,visual prompt
SYN-G3-07,3,T2,PO,2,2,1,visual prompt
SYN-G3-07,3,T1,PE,3,2,1,visual prompt
SYN-G3-07,3,T2,PE,3,2,2,visual prompt
SYN-G3-08,3,T1,CO,1,2,3,visual prompt
SYN-G3-08,3,T2,CO,2,2,3,visual prompt
SYN-G3-08,3,T1,CE,2,1,2,visual prompt
SYN-G3-08,3,T2,CE,2,1,3,visual prompt
SYN-G3-08,3,T1,PO,2,1,0,visual prompt
SYN-G3-08,3,T2,PO,2,1,1,visual prompt
SYN-G3-08,3,T1,PE,2,2,3,visual prompt
SYN-G3-08,3,T2,PE,2,3,3,visual prompt
SYN-G4-01,4,T1,CO,1,3,3,visual prompt
SYN-G4-01,4,T2,CO,2,3,3,visual prompt
SYN-G4-01,4,T1,CE,2,3,3,visual prompt
SYN-G4-01,4,T2,CE,2,3,3,visual prompt
SYN-G4-01,4,T1,PO,1,1,3,visual prompt
SYN-G4-01,4,T2,PO,1,1,3,visual prompt
SYN-G4-01,4,T1,PE,1,2,2,visual prompt
SYN-G4-01,4,T2,PE,1,3,3,visual prompt
SYN-G4-02,4,T1,CO,2,2,2,visual prompt
SYN-G4-02,4,T2,CO,3,2,2,visual prompt
SYN-G4-02,4,T1,CE,2,3,2,visual prompt
SYN-G4-02,4,T2,CE,2,3,3,visual prompt
SYN-G4-02,4,T1,PO,1,1,2,visual prompt
SYN-G4-02,4,T2,PO,2,2,2,visual prompt
SYN-G4-02,4,T1,PE,2,3,2,visual prompt
SYN-G4-02,4,T2,PE,2,3,2,visual prompt
SYN-G4-03,4,T1,CO,2,3,2,visual prompt
SYN-G4-03,4,T2,CO,2,3,3,visual prompt
SYN-G4-03,4,T1,CE,2,2,2,visual prompt
SYN-G4-03,4,T2,CE,3,2,2,visual prompt
SYN-G4-03,4,T1,PO,1,2,2,visual prompt
SYN-G4-03,4,T2,PO,2,2,2,visual prompt
SYN-G4-03,4,T1,PE,2,2,2,visual prompt
SYN-G4-03,4,T2,PE,3,3,3,visual prompt
SYN-G4-04,4,T1,CO,2,2,3,visual prompt
SYN-G4-04,4,T2,CO,2,2,3,visual prompt
SYN-G4-04,4,T1,CE,1,2,2,visual prompt
SYN-G4-04,4,T2,CE,1,2,2,visual prompt
SYN-G4-04,4,T1,PO,2,2,2,visual prompt
SYN-G4-04,4,T2,PO,2,2,2,visual prompt
SYN-G4-04,4,T1,PE,2,2,3,visual prompt
SYN-G4-04,4,T2,PE,3,2,3,visual prompt
SYN-G4-05,4,T1,CO,3,2,3,visual prompt
SYN-G4-05,4,T2,CO,3,2,3,visual prompt
SYN-G4-05,4,T1,CE,1,1,2,visual prompt
SYN-G4-05,4,T2,CE,1,1,2,visual prompt
SYN-G4-05,4,T1,PO,2,2,1,visual prompt
SYN-G4-05,4,T2,PO,2,2,1,visual prompt
SYN-G4-05,4,T1,PE,3,2,2,visual prompt
SYN-G4-05,4,T2,PE,3,2,3,visual prompt
SYN-G4-06,4,T1,CO,2,3,3,visual prompt
SYN-G4-06,4,T2,CO,2,3,3,visual prompt
SYN-G4-06,4,T1,CE,2,2,1,visual prompt
SYN-G4-06,4,T2,CE,2,3,1,visual prompt
SYN-G4-06,4,T1,PO,1,2,2,visual prompt
SYN-G4-06,4,T2,PO,1,3,2,visual prompt
SYN-G4-06,4,T1,PE,3,2,3,visual prompt
SYN-G4-06,4,T2,PE,3,2,3,visual prompt
SYN-G4-07,4,T1,CO,3,3,2,visual prompt
SYN-G4-07,4,T2,CO,3,3,2,visual prompt
SYN-G4-07,4,T1,CE,2,3,2,visual prompt
SYN-G4-07,4,T2,CE,2,3,3,visual prompt
SYN-G4-07,4,T1,PO,2,1,2,visual prompt
SYN-G4-07,4,T2,PO,2,1,2,visual prompt
SYN-G4-07,4,T1,PE,2,3,1,visual prompt
SYN-G4-07,4,T2,PE,2,3,2,visual prompt
SYN-G4-08,4,T1,CO,2,2,2,visual prompt
SYN-G4-08,4,T2,CO,3,2,2,visual prompt
SYN-G4-08,4,T1,CE,3,2,2,visual prompt
SYN-G4-08,4,T2,CE,3,3,2,visual prompt
SYN-G4-08,4,T1,PO,1,1,2,visual prompt
SYN-G4-08,4,T2,PO,1,2,2,visual prompt
SYN-G4-08,4,T1,PE,3,2,2,visual prompt
SYN-G4-08,4,T2,PE,3,2,2,visual prompt
SYN-G5-01,5,T1,CO,3,1,2,visual prompt
SYN-G5-01,5,T2,CO,3,1,2,visual prompt
SYN-G5-01,5,T1,CE,3,3,3,visual prompt
SYN-G5-01,5,T2,CE,3,3,3,visual prompt
SYN-G5-01,5,T1,PO,1,3,2,visual prompt
SYN-G5-01,5,T2,PO,1,3,2,visual prompt
SYN-G5-01,5,T1,PE,3,1,1,visual prompt
SYN-G5-01,5,T2,PE,3,1,1,visual prompt
SYN-G5-02,5,T1,CO,2,2,2,visual prompt
SYN-G5-02,5,T2,CO,3,2,2,visual prompt
SYN-G5-02,5,T1,CE,2,2,1,visual prompt
SYN-G5-02,5,T2,CE,2,2,1,visual prompt
SYN-G5-02,5,T1,PO,2,3,1,visual prompt
SYN-G5-02,5,T2,PO,3,3,2,visual prompt
SYN-G5-02,5,T1,PE,2,2,1,visual prompt
SYN-G5-02,5,T2,PE,2,3,2,visual prompt
SYN-G5-03,5,T1,CO,2,1,2,visual prompt
SYN-G5-03,5,T2,CO,2,1,2,visual prompt
SYN-G5-03,5,T1,CE,2,2,2,visual prompt
SYN-G5-03,5,T2,CE,2,2,2,visual prompt
SYN-G5-03,5,T1,PO,0,2,1,visual prompt
SYN-G5-03,5,T2,PO,1,2,2,visual prompt
SYN-G5-03,5,T1,PE,2,2,2,visual prompt
SYN-G5-03,5,T2,PE,2,2,3,visual prompt
SYN-G5-04,5,T1,CO,3,2,3,visual prompt
SYN-G5-04,5,T2,CO,3,2,3,visual prompt
SYN-G5-04,5,T1,CE,3,2,2,visual prompt
SYN-G5-04,5,T2,CE,3,2,3,visual prompt
SYN-G5-04,5,T1,PO,2,1,2,visual prompt
SYN-G5-04,5,T2,PO,3,2,2,visual prompt
SYN-G5-04,5,T1,PE,3,1,2,visual prompt
SYN-G5-04,5,T2,PE,3,1,2,visual prompt
SYN-G5-05,5,T1,CO,2,3,2,visual prompt
SYN-G5-05,5,T2,CO,2,3,3,visual prompt
SYN-G5-05,5,T1,CE,1,2,3,visual prompt
SYN-G5-05,5,T2,CE,1,2,3,visual prompt
SYN-G5-05,5,T1,PO,2,1,2,visual prompt
SYN-G5-05,5,T2,PO,3,1,3,visual prompt
SYN-G5-05,5,T1,PE,2,1,2,visual prompt
SYN-G5-05,5,T2,PE,3,1,3,visual prompt
SYN-G5-06,5,T1,CO,3,3,3,visual prompt
SYN-G5-06,5,T2,CO,3,3,3,visual prompt
SYN-G5-06,5,T1,CE,3,2,3,visual prompt
SYN-G5-06,5,T2,CE,3,3,3,visual prompt
SYN-G5-06,5,T1,PO,1,3,2,visual prompt
SYN-G5-06,5,T2,PO,2,3,2,visual prompt
SYN-G5-06,5,T1,PE,1,2,1,visual prompt
SYN-G5-06,5,T2,PE,2,3,1,visual prompt
SYN-G5-07,5,T1,CO,2,2,1,visual prompt
SYN-G5-07,5,T2,CO,2,2,1,visual prompt
SYN-G5-07,5,T1,CE,2,3,2,visual prompt
SYN-G5-07,5,T2,CE,3,3,2,visual prompt
SYN-G5-07,5,T1,PO,0,1,2,visual prompt
SYN-G5-07,5,T2,PO,0,2,2,visual prompt
SYN-G5-07,5,T1,PE,2,3,3,visual prompt
SYN-G5-07,5,T2,PE,2,3,3,visual prompt
SYN-G5-08,5,T1,CO,2,2,2,visual prompt
SYN-G5-08,5,T2,CO,3,2,3,visual prompt
SYN-G5-08,5,T1,CE,2,2,2,visual prompt
SYN-G5-08,5,T2,CE,2,2,2,visual prompt
SYN-G5-08,5,T1,PO,2,1,1,visual prompt
SYN-G5-08,5,T2,PO,2,1,1,visual prompt
SYN-G5-08,5,T1,PE,2,2,2,visual prompt
SYN-G5-08,5,T2,PE,2,2,2,visual prompt
